Nombre Tienda,Nombre App
App Store,Birdees
App Store,DentistPro
App Store,My Job Angel
App Store,Merry Kitchen
App Store,Gmail
App Store,Google Drive
App Store,Google Maps
App Store,Facebook
App Store,Instagram
App Store,Whatsapp
App Store,Cabify
App Store,Spotify
App Store,Flow
Google Play Store ,DentistPro
Google Play Store ,My Job Angel
Google Play Store ,Merry Kitchen
Google Play Store ,Gmail
Google Play Store ,Google Drive
Google Play Store ,Google Maps
Google Play Store ,Facebook
Google Play Store ,Instagram
Google Play Store ,Whatsapp
Google Play Store ,Cabify
Google Play Store ,Flow
Google Play Store ,"L'equipe, sports en direct"
Google Play Store ,TikTok
Google Play Store ,PubG
Google Play Store ,Spotify
App World,Gmail
App World,Google Drive
App World,Google Maps
App World,Facebook
App World,Instagram
App World,Whatsapp
App World,Cabify
App World,Flow
App World,"L'equipe, sports en direct"
App World,Spotify
MarketPlace,TikTok
MarketPlace,Helo
MarketPlace,QQ
MarketPlace,Tencent Music
MarketPlace,PubG
AppCatalog,Gmail
AppCatalog,Google Drive
AppCatalog,Google Maps
Appstore,Birdees
Nombre Tienda,Nombre App
Appstore,Gmail
Appstore,Google Drive
Appstore,Google Maps
Appstore,Facebook
Appstore,Instagram
Appstore,Whatsapp
Appstore,Spotify
Appstore,Flow
Appstore,Lequipe Sports
AppGallery,TikTok
AppGallery,Helo
AppGallery,QQ
AppGallery,Tencent Music
MyApp,TikTok
MyApp,Helo
MyApp,QQ
MyApp,Tencent Music
MyApp,PubG
360 Mobile Assistant,Instagram
360 Mobile Assistant,Whatsapp
360 Mobile Assistant,Cabify
360 Mobile Assistant,Flow
360 Mobile Assistant,Lequipe Sports
GetJar,Gmail
GetJar,Google Drive
GetJar,Google Maps
GetJar,Tencent Music
